Type,ID,Transaction,Template:Compound_info,Link
Customer,1195040982444629919,-83.5179012013861510.63998736104844_08/11/81-8:51_receive_1369366370439732663_513.32,FirstName_LastName_Email_Zipcode_PhoneNumber_DriversLicense_Address:Thalia_Fisher_FisherntThalia30@aol.com_48076_2135654199_988323747_2505-Maple Blvd-Newport
Counter-Party,1369366370439732663,-83.5179012013861510.63998736104844_08/11/81-8:51_send_1195040982444629919_513.32,FirstName_LastName_Email_Zipcode_PhoneNumber_DriversLicense_Address:Daisy_Harris_Daisy21.Harris@gmail.com_83481_8056783735_282535999_2730-Main Pl-Fairview,52d3d36f-c655-4992-b1ca-53e6d83c6911
