Type,ID,Transaction,Template:Compound_info,Link
Customer,1369366370439732663,-89.21770228382393-73.38334614400704_08/28/36-6:8_buyGiftCard_244.79,FirstName_LastName_Email_Zipcode_PhoneNumber_DriversLicense_Address:Daisy_Harris_Daisy21.Harris@gmail.com_83481_8056783735_282535999_2730-Main Pl-Fairview
Customer,1369366370439732663,-83.5179012013861510.63998736104844_08/11/81-8:51_send_1195040982444629919_513.32,FirstName_LastName_Email_Zipcode_PhoneNumber_DriversLicense_Address:Daisy_Harris_Daisy21.Harris@gmail.com_83481_8056783735_282535999_2730-Main Pl-Fairview
Customer,1369366370439732663,10.03661864899601143.790944049322036_03/26/78-8:57_send_1507516748851795877_108.79,FirstName_LastName_Email_Zipcode_PhoneNumber_DriversLicense_Address:Daisy_Harris_Daisy21.Harris@gmail.com_83481_8056783735_282535999_2730-Main Pl-Fairview
Customer,1369366370439732663,7.445236656286326154.26221342358713_12/04/51-4:53_send_700332275775532530_446.24,FirstName_LastName_Email_Zipcode_PhoneNumber_DriversLicense_Address:Daisy_Harris_Daisy21.Harris@gmail.com_83481_8056783735_282535999_2730-Main Pl-Fairview
Counter-Party,1195040982444629919,-83.5179012013861510.63998736104844_08/11/81-8:51_receive_1369366370439732663_513.32,FirstName_LastName_Email_Zipcode_PhoneNumber_DriversLicense_Address:Thalia_Fisher_FisherntThalia30@aol.com_48076_2135654199_988323747_2505-Maple Blvd-Newport,29ac016d-348e-40a2-9669-e34a0b6feb1b
Counter-Party,1507516748851795877,10.03661864899601143.790944049322036_03/26/78-8:57_receive_1369366370439732663_108.79,FirstName_LastName_Email_Zipcode_PhoneNumber_DriversLicense_Address:Everett_Bryant_Bryant.Everett@gmail.com_98835_2124858746_471892499_4305-Park Dr-Madison,da6225bb-6c75-40e6-94a8-9f53eef47b07
Counter-Party,700332275775532530,7.445236656286326154.26221342358713_12/04/51-4:53_receive_1369366370439732663_446.24,FirstName_LastName_Email_Zipcode_PhoneNumber_DriversLicense_Address:Keith_Price_PricebpKeith14@aol.com_45001_6175501953_337219866_1529-Pine Ave-Franklin,7db4b7da-22d3-4659-8bf3-e95939bb3edf
