Type,ID,Transaction,Template:Compound_info,Link
Customer,1923697158103655667,30.661127867885426125.87412694463637_06/20/36-4:20_receive_4537773276981807343_761.15,FirstName_LastName_Email_Zipcode_PhoneNumber_DriversLicense_Address:Ivy_Perry_Perry.wsIvy@yahoo.com_72220_8052008864_269140538_4764-Cherry Way-Jackson
Counter-Party,4537773276981807343,30.661127867885426125.87412694463637_06/20/36-4:20_send_1923697158103655667_761.15,FirstName_LastName_Email_Zipcode_PhoneNumber_DriversLicense_Address:Declan_Perry_Declan31.Perry@edu.university.com_80029_7184912160_825458034_5463-Pine Way-Riverton,b988d2d5-e80d-43bf-8391-b69369301a44
