Type,ID,Transaction,Template:Compound_info,Link
Customer,700332275775532530,7.445236656286326154.26221342358713_12/04/51-4:53_receive_1369366370439732663_446.24,FirstName_LastName_Email_Zipcode_PhoneNumber_DriversLicense_Address:Keith_Price_PricebpKeith14@aol.com_45001_6175501953_337219866_1529-Pine Ave-Franklin
Counter-Party,1369366370439732663,7.445236656286326154.26221342358713_12/04/51-4:53_send_700332275775532530_446.24,FirstName_LastName_Email_Zipcode_PhoneNumber_DriversLicense_Address:Daisy_Harris_Daisy21.Harris@gmail.com_83481_8056783735_282535999_2730-Main Pl-Fairview,52d3d36f-c655-4992-b1ca-53e6d83c6911
