Type,ID,Transaction,Template:Compound_info,Link
Customer,1391033227739210241,-35.62715424387378-134.70776789676117_02/05/58-8:51_receive_2212903408876585698_448.31,FirstName_LastName_Email_Zipcode_PhoneNumber_DriversLicense_Address:Ryker_Moore_Moore.Ryker@walmart.com_44334_7185258529_967400625_1677-Lake Blvd-Riverton
Counter-Party,2212903408876585698,-35.62715424387378-134.70776789676117_02/05/58-8:51_send_1391033227739210241_448.31,FirstName_LastName_Email_Zipcode_PhoneNumber_DriversLicense_Address:Kellan_Peterson_Peterson77.Kellan@gmail.com_70195_5108623715_708675101_3460-Oak Ln-Jackson,22623fce-396c-45b1-a676-f6256054990f
