Type,ID,Transaction,Template:Compound_info,Link
Customer,1507516748851795877,10.03661864899601143.790944049322036_03/26/78-8:57_receive_1369366370439732663_108.79,FirstName_LastName_Email_Zipcode_PhoneNumber_DriversLicense_Address:Everett_Bryant_Bryant.Everett@gmail.com_98835_2124858746_471892499_4305-Park Dr-Madison
Counter-Party,1369366370439732663,10.03661864899601143.790944049322036_03/26/78-8:57_send_1507516748851795877_108.79,FirstName_LastName_Email_Zipcode_PhoneNumber_DriversLicense_Address:Daisy_Harris_Daisy21.Harris@gmail.com_83481_8056783735_282535999_2730-Main Pl-Fairview,52d3d36f-c655-4992-b1ca-53e6d83c6911
