Type,ID,Transaction,Template:Compound_info,Link
Customer,1606504045749948757,-28.94476831058578-100.6778326460769_02/16/49-23:57_receive_2248718008776732556_986.40,FirstName_LastName_Email_Zipcode_PhoneNumber_DriversLicense_Address:Magnus_Moore_Moore.Magnus@hotmail.com_82779_9095916793_014953333_3460-Oak Ln-Jackson
Counter-Party,2248718008776732556,-28.94476831058578-100.6778326460769_02/16/49-23:57_send_1606504045749948757_986.40,FirstName_LastName_Email_Zipcode_PhoneNumber_DriversLicense_Address:Colton_Cooper_Cooper79.Colton@gmail.com_76790_3124968048_800642981_8947-Lake Pl-Ashland,24642bbd-0b51-4c44-b733-7d83e4876158
