Type,ID,Transaction,Template:Compound_info,Link
Customer,307227718156859380,16.97824141211514-131.3268056882211_10/13/14-10:56_receive_1039051738761271825_89.37,FirstName_LastName_Email_Zipcode_PhoneNumber_DriversLicense_Address:Harlow_Peterson_PetersongzHarlow60@walmart.com_45001_2137536940_047205786_5370-Maple Ave-Jackson
Counter-Party,1039051738761271825,16.97824141211514-131.3268056882211_10/13/14-10:56_send_307227718156859380_89.37,FirstName_LastName_Email_Zipcode_PhoneNumber_DriversLicense_Address:Harlow_King_KingsgHarlow66@gmail.com_82438_7183889942_617135954_1006-Sunset Pl-Ashland,6e542929-5237-481c-ab75-850d238074d0
